City_ID,City,Country,Date,Lat,Lng,Max Temp,Humidity,Cloudiness,Wind Speed
0,Gazli,UZ,2020-05-27 05:22:09,40.13,63.45,98.49,10,0,16.8
1,Qaanaaq,GL,2020-05-27 05:22:09,77.48,-69.36,22.12,92,16,2.71
2,Vaini,TO,2020-05-27 05:22:10,-21.2,-175.2,77.0,78,75,6.93
3,Atuona,PF,2020-05-27 05:22:10,-9.8,-139.03,81.54,74,12,14.2
4,Chokurdakh,RU,2020-05-27 05:22:10,70.63,147.92,58.87,34,93,21.5
5,Kindu,CD,2020-05-27 05:22:11,-2.95,25.95,72.25,88,28,2.08
6,Hilo,US,2020-05-27 05:22:11,19.73,-155.09,75.2,78,75,8.08
7,Ushuaia,AR,2020-05-27 05:18:14,-54.8,-68.3,41.0,75,40,17.22
8,Barrow,US,2020-05-27 05:19:01,71.29,-156.79,30.2,86,90,5.82
9,Bluff,NZ,2020-05-27 05:22:12,-46.6,168.33,49.44,87,36,6.13
10,Gragnano,IT,2020-05-27 05:22:13,40.7,14.51,63.0,60,0,8.99
11,Villazon,BO,2020-05-27 05:22:13,-22.09,-65.59,41.25,55,0,1.88
12,Cape Town,ZA,2020-05-27 05:20:49,-33.93,18.42,50.0,81,20,10.29
13,Presidencia Roque Saenz Pena,AR,2020-05-27 05:22:14,-26.79,-60.44,50.4,75,0,4.85
14,Bengkulu,ID,2020-05-27 05:22:14,-3.8,102.27,85.42,63,100,5.55
15,Faanui,PF,2020-05-27 05:22:15,-16.48,-151.75,82.76,75,26,8.46
16,Vardo,NO,2020-05-27 05:22:15,70.37,31.11,53.6,54,60,5.82
17,Udalguri,IN,2020-05-27 05:22:16,26.77,92.13,76.32,80,100,8.84
18,Albany,US,2020-05-27 05:22:17,42.6,-73.97,72.0,68,25,2.53
19,Zhanaozen,KZ,2020-05-27 05:22:17,43.3,52.8,73.26,46,0,12.46
20,Vestmannaeyjar,IS,2020-05-27 05:22:18,63.44,-20.27,45.48,75,100,21.34
21,Yellowknife,CA,2020-05-27 05:19:01,62.46,-114.35,50.0,48,40,9.17
22,San Francisco,US,2020-05-27 05:21:14,37.77,-122.42,71.6,52,20,6.93
23,Jutai,BR,2020-05-27 05:22:19,-5.18,-68.9,71.44,91,52,0.25
24,Flin Flon,CA,2020-05-27 05:22:19,54.77,-101.86,55.63,85,100,6.26
25,Lososina,RU,2020-05-27 05:22:20,49.0,140.31,61.29,50,15,10.45
26,Hermanus,ZA,2020-05-27 05:22:20,-34.42,19.23,44.01,96,100,9.13
27,San Vicente,AR,2020-05-27 05:22:21,-26.62,-54.13,43.59,100,0,2.1
28,Merauke,ID,2020-05-27 05:22:21,-8.47,140.33,80.91,82,52,16.96
29,Punta Arenas,CL,2020-05-27 05:22:22,-53.15,-70.92,41.0,80,75,9.17
30,Klaksvik,FO,2020-05-27 05:22:22,62.23,-6.59,46.4,81,57,21.92
31,Sao Filipe,CV,2020-05-27 05:22:23,14.9,-24.5,73.71,74,23,10.29
32,Mataura,NZ,2020-05-27 05:22:23,-46.19,168.86,45.9,91,34,0.92
33,Lunenburg,CA,2020-05-27 05:22:24,44.38,-64.32,60.01,94,63,9.55
34,Cabo San Lucas,MX,2020-05-27 05:22:24,22.89,-109.91,77.0,42,40,1.01
35,Llangefni,GB,2020-05-27 05:22:24,53.26,-4.31,51.01,87,75,5.82
36,Kodiak,US,2020-05-27 05:22:25,57.79,-152.41,48.2,70,1,8.05
37,Dunedin,NZ,2020-05-27 05:22:25,-45.87,170.5,51.01,76,8,3.89
38,Sao Joao Da Barra,BR,2020-05-27 05:22:26,-21.64,-41.05,62.89,73,0,5.66
39,Hobart,AU,2020-05-27 05:22:26,-42.88,147.33,60.8,55,75,11.41
40,Longyearbyen,SJ,2020-05-27 05:22:26,78.22,15.64,41.0,80,75,19.46
41,Castro,BR,2020-05-27 05:21:53,-24.79,-50.01,42.35,93,0,3.6
42,Vostok,RU,2020-05-27 05:22:27,46.49,135.88,58.71,64,33,5.57
43,Geraldton,AU,2020-05-27 05:22:28,-28.77,114.6,64.4,68,90,3.36
44,Rikitea,PF,2020-05-27 05:22:29,-23.12,-134.97,76.23,83,91,8.99
45,Puerto Ayora,EC,2020-05-27 05:22:30,-0.74,-90.35,75.0,91,73,5.06
46,Bandar-E Lengeh,IR,2020-05-27 05:22:30,26.56,54.88,89.6,70,4,9.17
47,Port Alfred,ZA,2020-05-27 05:18:46,-33.59,26.89,51.01,77,94,8.01
48,Padang,ID,2020-05-27 05:22:31,-0.95,100.35,86.25,59,100,3.44
49,Kantunilkin,MX,2020-05-27 05:22:31,21.09,-87.45,82.4,94,75,8.05
50,Port Elizabeth,ZA,2020-05-27 05:18:15,-33.92,25.57,48.2,81,90,16.11
51,Tuktoyaktuk,CA,2020-05-27 05:22:32,69.45,-133.04,30.2,86,20,18.34
52,Sembakung,ID,2020-05-27 05:20:15,3.82,117.25,88.72,75,99,2.91
53,Muisne,EC,2020-05-27 05:22:33,0.6,-80.03,75.58,87,100,9.84
54,Meulaboh,ID,2020-05-27 05:22:33,4.14,96.13,88.99,55,88,4.25
55,Saint-Georges,GD,2020-05-27 05:22:34,12.06,-61.75,82.4,83,20,16.11
56,Souillac,MU,2020-05-27 05:22:34,-20.52,57.52,77.0,73,40,11.41
57,Busselton,AU,2020-05-27 05:22:34,-33.65,115.33,64.99,68,65,4.0
58,Nikolskoye,RU,2020-05-27 05:22:35,59.7,30.79,59.0,51,34,4.47
59,Georgetown,MY,2020-05-27 05:20:12,5.41,100.34,89.6,66,40,5.82
60,Hay River,CA,2020-05-27 05:22:36,60.82,-115.8,35.6,88,40,3.36
61,Ariquemes,BR,2020-05-27 05:19:54,-9.91,-63.04,65.68,95,28,2.82
62,Nantucket,US,2020-05-27 05:20:01,41.28,-70.1,57.99,100,90,4.7
63,Chumikan,RU,2020-05-27 05:22:37,54.72,135.31,42.94,76,85,8.7
64,Hailar,CN,2020-05-27 05:22:37,49.2,119.7,71.73,23,17,4.83
65,Ulu-Telyak,RU,2020-05-27 05:22:38,54.91,56.97,70.88,54,5,4.83
66,Kavieng,PG,2020-05-27 05:22:38,-2.57,150.8,85.08,72,99,8.12
67,Ancud,CL,2020-05-27 05:22:39,-41.87,-73.82,46.0,100,90,1.12
68,Saint-Joseph,RE,2020-05-27 05:22:40,-21.37,55.62,78.8,57,16,4.7
69,Mana,GF,2020-05-27 05:22:40,5.66,-53.78,78.39,89,100,10.07
70,Coahuayana,MX,2020-05-27 05:22:40,18.73,-103.68,67.57,83,46,3.15
71,Gryazovets,RU,2020-05-27 05:22:41,58.88,40.25,53.92,81,100,1.36
72,Murgab,TM,2020-05-27 05:22:41,37.5,61.97,80.6,42,5,23.04
73,Hambantota,LK,2020-05-27 05:22:42,6.12,81.12,86.34,70,96,19.26
74,Nata,PA,2020-05-27 05:22:42,8.33,-80.52,75.99,84,100,4.23
75,Dire Dawa,ET,2020-05-27 05:22:43,9.59,41.87,79.59,47,3,5.82
76,Kapaa,US,2020-05-27 05:22:43,22.08,-159.32,75.99,83,75,8.05
77,Muroto,JP,2020-05-27 05:22:44,33.28,134.15,75.2,83,75,11.41
78,Ust-Karsk,RU,2020-05-27 05:22:44,52.7,118.81,80.13,23,86,8.72
79,Salalah,OM,2020-05-27 05:22:44,17.02,54.09,87.8,66,75,3.36
80,San Ramon,US,2020-05-27 05:19:46,37.78,-121.98,82.4,34,1,3.53
81,East London,ZA,2020-05-27 05:22:45,-33.02,27.91,50.0,57,12,16.11
82,Mahebourg,MU,2020-05-27 05:22:46,-20.41,57.7,77.0,73,40,11.41
83,Caravelas,BR,2020-05-27 05:22:46,-17.71,-39.25,72.66,92,1,5.7
84,Thompson,CA,2020-05-27 05:22:32,55.74,-97.86,62.6,55,75,3.65
85,Lebu,CL,2020-05-27 05:22:47,-37.62,-73.65,56.35,95,69,12.68
86,Bambous Virieux,MU,2020-05-27 05:22:47,-20.34,57.76,78.01,73,40,11.41
87,Carmen,MX,2020-05-27 05:20:51,18.63,-91.83,86.0,79,5,14.99
88,Oussouye,SN,2020-05-27 05:22:48,12.48,-16.55,75.0,78,53,10.83
89,Magdalena,PH,2020-05-27 05:22:49,14.2,121.43,96.01,53,40,5.82
90,Freeport,US,2020-05-27 05:22:50,40.66,-73.58,61.0,87,90,4.7
91,Saldanha,ZA,2020-05-27 05:22:50,-33.01,17.94,48.2,93,100,3.36
92,Galich,RU,2020-05-27 05:20:54,58.38,42.35,51.55,83,100,3.22
93,Jamestown,US,2020-05-27 05:18:40,42.1,-79.24,70.0,64,1,5.82
94,Edinet,MD,2020-05-27 05:22:51,48.17,27.3,49.93,94,100,8.97
95,Butaritari,KI,2020-05-27 05:22:52,3.07,172.79,82.53,71,70,6.69
96,Uvira,CD,2020-05-27 05:22:52,-3.41,29.15,73.09,63,0,3.36
97,Mar Del Plata,AR,2020-05-27 05:22:44,-38.0,-57.56,48.0,100,0,6.93
98,Flinders,AU,2020-05-27 05:22:53,-34.58,150.86,66.99,70,66,1.01
99,Monrovia,LR,2020-05-27 05:22:54,6.3,-10.8,77.0,94,75,5.82
100,Beipiao,CN,2020-05-27 05:22:54,41.79,120.78,62.73,54,100,8.03
101,Richards Bay,ZA,2020-05-27 05:22:55,-28.78,32.04,60.31,39,82,13.38
102,Teguldet,RU,2020-05-27 05:22:55,57.31,88.17,50.76,53,76,11.92
103,Bethel,US,2020-05-27 05:22:55,41.37,-73.41,61.0,87,1,2.73
104,Mount Gambier,AU,2020-05-27 05:22:36,-37.83,140.77,55.4,100,75,10.29
105,Mareeba,AU,2020-05-27 05:22:56,-17.0,145.43,77.0,50,75,11.41
106,Knysna,ZA,2020-05-27 05:22:57,-34.04,23.05,46.4,75,20,9.17
107,Brufut,GM,2020-05-27 05:22:57,13.38,-16.75,73.4,94,75,14.99
108,High Level,CA,2020-05-27 05:22:58,58.52,-117.14,46.4,81,75,11.41
109,Turkistan,KZ,2020-05-27 05:22:58,43.0,68.0,98.29,13,0,26.75
110,Buala,SB,2020-05-27 05:22:58,-8.14,159.59,85.21,73,65,7.76
111,Manoel Urbano,BR,2020-05-27 05:22:59,-8.84,-69.26,69.4,96,19,1.74
112,Torbay,CA,2020-05-27 05:20:03,47.67,-52.73,51.01,100,90,19.46
113,Beringovskiy,RU,2020-05-27 05:23:00,63.05,179.32,33.62,96,100,5.77
114,Acapulco,MX,2020-05-27 05:23:00,16.86,-99.89,76.17,75,85,6.06
115,Kristiansund,NO,2020-05-27 05:23:00,63.11,7.73,48.2,66,40,20.8
116,Qaqortoq,GL,2020-05-27 05:23:01,60.72,-46.03,41.0,75,60,5.46
117,Saint George,US,2020-05-27 05:21:27,37.1,-113.58,82.99,15,1,2.26
118,Hithadhoo,MV,2020-05-27 05:21:06,-0.6,73.08,83.97,75,71,9.35
119,Camacha,PT,2020-05-27 05:23:02,33.08,-16.33,59.0,87,20,2.24
120,San Patricio,MX,2020-05-27 05:23:03,19.22,-104.7,69.06,82,0,5.57
121,Bac Lieu,VN,2020-05-27 05:19:54,9.29,105.72,93.22,49,100,8.28
122,Provideniya,RU,2020-05-27 05:23:04,64.38,-173.3,39.2,78,75,20.13
123,Portree,GB,2020-05-27 05:23:04,57.41,-6.19,48.99,90,100,3.0
124,Luxor,EG,2020-05-27 05:23:05,25.7,32.64,71.6,46,0,6.82
125,Hualmay,PE,2020-05-27 05:23:05,-11.1,-77.61,65.16,83,0,3.0
126,Ketchikan,US,2020-05-27 05:23:06,55.34,-131.65,50.0,81,20,6.93
127,Jojoima,SL,2020-05-27 05:23:06,7.88,-10.79,72.54,97,100,0.31
128,Biloela,AU,2020-05-27 05:23:07,-24.42,150.5,71.31,35,100,4.47
129,Iqaluit,CA,2020-05-27 05:23:07,63.75,-68.51,28.4,86,90,4.7
130,Hagi,JP,2020-05-27 05:23:07,34.4,131.42,77.0,68,75,8.05
131,Yulara,AU,2020-05-27 05:23:08,-25.24,130.99,69.8,35,75,5.82
132,Maningrida,AU,2020-05-27 05:23:09,-12.07,134.27,84.09,49,80,9.69
133,Moron,AR,2020-05-27 05:23:09,-34.65,-58.62,53.01,99,0,1.01
134,Altamira,BR,2020-05-27 05:23:09,-3.2,-52.21,72.82,95,90,1.54
135,Yozgat,TR,2020-05-27 05:23:10,39.58,35.33,57.31,60,2,2.82
136,Cayenne,GF,2020-05-27 05:23:10,4.93,-52.33,75.2,100,90,11.16
137,Pizhma,RU,2020-05-27 05:23:11,57.86,47.12,49.1,95,100,9.89
138,Bredasdorp,ZA,2020-05-27 05:23:11,-34.53,20.04,50.0,66,100,11.41
139,Ponta Do Sol,PT,2020-05-27 05:23:11,32.67,-17.1,62.6,82,20,2.24
140,Juneau,US,2020-05-27 05:23:12,58.3,-134.42,48.2,76,75,8.05
141,Candolim,IN,2020-05-27 05:23:12,15.52,73.76,87.8,70,40,10.29
142,Ashtian,IR,2020-05-27 05:23:13,34.52,50.0,73.4,43,0,2.24
143,Liverpool,GB,2020-05-27 05:21:46,53.41,-2.98,53.01,93,29,2.24
144,Avarua,CK,2020-05-27 05:23:15,-21.21,-159.78,73.4,73,30,5.82
145,Aklavik,CA,2020-05-27 05:23:15,68.22,-135.01,48.2,57,20,8.05
146,Kaitangata,NZ,2020-05-27 05:23:16,-46.28,169.85,51.01,76,2,2.73
147,Biltine,TD,2020-05-27 05:23:16,14.53,20.92,78.8,15,1,8.25
148,Sabha,LY,2020-05-27 05:23:17,27.04,14.43,76.23,21,23,7.96
149,Aswan,EG,2020-05-27 05:23:17,24.09,32.91,82.44,16,0,12.15
150,Sayat,TM,2020-05-27 05:23:17,38.78,63.88,96.8,19,1,13.87
151,Plettenberg Bay,ZA,2020-05-27 05:23:18,-34.05,23.37,49.84,75,62,11.27
152,Pangai,TO,2020-05-27 05:23:19,-19.8,-174.35,78.8,78,20,5.82
153,Rovaniemi,FI,2020-05-27 05:21:14,66.5,25.72,51.8,66,100,13.87
154,Inirida,CO,2020-05-27 05:23:20,3.87,-67.92,73.4,98,88,1.39
155,Lopukhiv,UA,2020-05-27 05:23:20,48.37,23.96,46.69,87,100,4.03
156,Alihe,CN,2020-05-27 05:23:20,50.57,123.72,73.17,27,25,6.96
157,Mogadishu,SO,2020-05-27 05:23:21,2.04,45.34,82.4,69,75,14.99
158,Berlevag,NO,2020-05-27 05:23:21,70.86,29.09,50.0,53,100,6.93
159,Grindavik,IS,2020-05-27 05:23:22,63.84,-22.43,42.8,93,75,24.16
160,Lavrentiya,RU,2020-05-27 05:23:24,65.58,-171.0,35.92,91,87,9.86
161,Jibuti,DJ,2020-05-27 05:23:24,11.5,42.5,93.2,56,1,2.91
162,Saint-Philippe,RE,2020-05-27 05:23:25,-21.36,55.77,78.8,57,31,4.7
163,Matara,LK,2020-05-27 05:23:25,5.95,80.54,84.74,75,100,12.06
164,Waipawa,NZ,2020-05-27 05:23:26,-41.41,175.52,51.01,72,93,7.0
165,Lompoc,US,2020-05-27 05:23:18,34.64,-120.46,60.01,93,1,5.17
166,Zhigansk,RU,2020-05-27 05:23:26,66.77,123.37,47.46,75,87,21.34
167,Humaita,BR,2020-05-27 05:23:27,-7.51,-63.02,71.35,91,12,2.8
168,Jijiga,ET,2020-05-27 05:23:27,9.35,42.8,67.73,79,61,13.4
169,Guerrero Negro,MX,2020-05-27 05:23:28,27.98,-114.06,65.41,82,10,10.54
170,Muros,ES,2020-05-27 05:23:28,42.78,-9.06,64.0,74,0,1.01
171,Chuy,UY,2020-05-27 05:23:28,-33.7,-53.46,45.93,94,10,6.6
172,Dekar,BW,2020-05-27 05:23:29,-21.53,21.93,37.0,71,0,8.43
173,Tasiilaq,GL,2020-05-27 05:23:29,65.61,-37.64,37.4,86,99,6.93
174,Mushie,CD,2020-05-27 05:23:30,-3.02,16.9,72.86,90,77,2.89
175,Kruisfontein,ZA,2020-05-27 05:23:30,-34.0,24.73,46.06,82,96,13.94
176,Dikson,RU,2020-05-27 05:23:31,73.51,80.55,31.95,99,100,11.97
177,Coruripe,BR,2020-05-27 05:23:31,-10.13,-36.18,75.96,87,85,6.46
178,Laguna,US,2020-05-27 05:23:32,38.42,-121.42,84.2,39,1,5.82
179,Gazojak,TM,2020-05-27 05:23:33,41.19,61.4,99.3,12,0,19.82
180,Bugulma,RU,2020-05-27 05:23:33,54.55,52.8,65.68,74,39,19.44
181,Boffa,GN,2020-05-27 05:23:34,10.17,-14.03,80.37,79,63,2.51
182,Srednekolymsk,RU,2020-05-27 05:23:34,67.45,153.68,60.06,32,40,15.37
183,Thinadhoo,MV,2020-05-27 05:23:34,0.53,72.93,83.93,72,14,7.49
184,Kisangani,CD,2020-05-27 05:23:35,0.52,25.2,72.03,97,80,0.4
185,Honiara,SB,2020-05-27 05:23:36,-9.43,159.95,84.2,83,75,6.93
186,Moyale,KE,2020-05-27 05:23:37,3.52,39.06,68.32,87,29,7.85
187,Skowhegan,US,2020-05-27 05:23:37,44.77,-69.72,61.0,95,47,3.56
188,Sicamous,CA,2020-05-27 05:23:37,50.83,-118.99,48.0,87,31,3.91
189,Constitucion,CL,2020-05-27 05:23:38,-35.33,-72.42,54.66,85,2,4.85
190,Xudat,AZ,2020-05-27 05:23:38,41.63,48.68,70.57,50,0,5.21
191,Oda,JP,2020-05-27 05:23:39,35.18,132.5,71.6,60,75,11.41
192,Zachepylivka,UA,2020-05-27 05:23:39,49.19,35.24,54.12,86,97,9.46
193,Gushikawa,JP,2020-05-27 05:23:39,26.35,127.87,78.8,94,90,11.41
194,Tukrah,LY,2020-05-27 05:23:40,32.53,20.58,67.03,68,0,12.55
195,Bhawana,PK,2020-05-27 05:23:40,31.57,72.65,107.92,11,0,4.97
196,New Norfolk,AU,2020-05-27 05:23:41,-42.78,147.06,55.0,79,56,5.37
197,Severo-Kurilsk,RU,2020-05-27 05:23:41,50.68,156.12,40.69,84,89,6.67
198,Ostrovnoy,RU,2020-05-27 05:23:42,68.05,39.51,42.06,80,0,7.09
199,Khatanga,RU,2020-05-27 05:23:42,71.97,102.5,33.62,84,97,13.94
200,Cherskiy,RU,2020-05-27 05:23:42,68.75,161.3,56.41,37,98,8.55
201,Tungor,RU,2020-05-27 05:23:43,53.38,142.96,39.94,84,98,9.82
202,Talnakh,RU,2020-05-27 05:23:43,69.49,88.4,32.0,79,75,13.42
203,Esperance,AU,2020-05-27 05:20:25,-33.87,121.9,64.4,48,3,18.34
204,Skibbereen,IE,2020-05-27 05:23:44,51.55,-9.27,51.8,100,40,4.7
205,Las Palmas,ES,2020-05-27 05:23:45,28.42,-14.01,68.0,82,75,10.29
206,Naze,JP,2020-05-27 05:23:45,28.37,129.48,75.2,88,75,12.75
207,Maragogi,BR,2020-05-27 05:20:18,-9.01,-35.22,75.9,90,41,8.7
208,Raudeberg,NO,2020-05-27 05:23:46,61.99,5.14,46.99,93,94,19.91
209,Malanje,AO,2020-05-27 05:23:46,-9.54,16.34,61.14,97,0,1.34
210,Hami,CN,2020-05-27 05:23:47,42.8,93.45,84.07,15,17,8.75
211,Sungairaya,ID,2020-05-27 05:23:47,0.7,108.9,86.85,67,100,5.88
212,Tura,IN,2020-05-27 05:21:18,25.52,90.22,74.8,94,82,3.53
213,Natal,BR,2020-05-27 05:22:24,-5.79,-35.21,77.0,94,5,3.36
214,Nabire,ID,2020-05-27 05:22:07,-3.37,135.48,81.88,78,98,0.98
215,Burnie,AU,2020-05-27 05:23:49,-41.07,145.92,57.0,77,100,3.0
216,Huarmey,PE,2020-05-27 05:23:49,-10.07,-78.15,66.74,84,17,2.33
217,Beira,MZ,2020-05-27 05:22:01,-19.84,34.84,73.4,94,40,5.82
218,Coolum Beach,AU,2020-05-27 05:23:50,-26.53,153.1,73.0,50,68,1.01
219,Chapais,CA,2020-05-27 05:23:51,49.78,-74.85,53.6,76,90,5.82
220,Itaituba,BR,2020-05-27 05:23:51,-4.28,-55.98,73.51,96,76,0.78
221,Evensk,RU,2020-05-27 05:23:52,61.95,159.23,44.89,57,75,6.02
222,Sao Felipe,BR,2020-05-27 05:23:52,-14.82,-41.38,69.67,81,26,2.13
223,Lagoa,PT,2020-05-27 05:23:52,39.05,-27.98,64.06,88,19,4.12
224,Usinsk,RU,2020-05-27 05:23:53,65.99,57.53,53.38,42,66,3.85
225,Fort Nelson,CA,2020-05-27 05:23:53,58.81,-122.7,55.4,62,75,4.7
226,Mamonovo,RU,2020-05-27 05:23:54,54.46,19.94,50.0,93,10,8.95
227,Ribeira Grande,PT,2020-05-27 05:23:54,38.52,-28.7,64.04,92,19,8.05
228,Lorengau,PG,2020-05-27 05:23:55,-2.02,147.27,86.49,66,0,9.04
229,Itarema,BR,2020-05-27 05:23:56,-2.92,-39.92,75.51,90,71,6.04
230,Dubti,ET,2020-05-27 05:23:56,11.74,41.09,90.95,40,0,7.63
231,Rawson,AR,2020-05-27 05:23:57,-43.3,-65.1,58.01,57,100,7.25
232,General Pico,AR,2020-05-27 05:23:57,-35.66,-63.76,49.69,69,0,8.01
233,Novi Pazar,RS,2020-05-27 05:23:58,43.14,20.51,48.72,79,47,3.87
234,Gimli,CA,2020-05-27 05:23:58,50.63,-96.99,61.0,89,63,7.0
235,Uturoa,PF,2020-05-27 05:23:58,-16.73,-151.43,83.05,73,25,9.8
236,Kismayo,SO,2020-05-27 05:23:59,-0.36,42.55,80.76,83,28,13.67
237,Tautira,PF,2020-05-27 05:23:59,-17.73,-149.15,78.8,88,75,4.7
238,Virginia Beach,US,2020-05-27 05:21:33,36.85,-75.98,62.01,93,90,8.97
239,Arganil,PT,2020-05-27 05:24:00,40.22,-8.05,68.0,82,0,5.01
240,Cidreira,BR,2020-05-27 05:24:01,-30.18,-50.21,56.64,75,99,15.97
241,Sverdlovskiy,RU,2020-05-27 05:24:01,55.91,38.15,57.99,87,75,3.96
242,Olafsvik,IS,2020-05-27 05:24:01,64.89,-23.71,44.15,79,100,25.57
243,Goderich,CA,2020-05-27 05:24:02,43.75,-81.72,72.0,79,61,11.52
244,Carlisle,US,2020-05-27 05:24:02,40.2,-77.19,68.0,84,65,2.62
245,Haines Junction,CA,2020-05-27 05:23:03,60.75,-137.51,46.38,53,2,5.06
246,Seoul,KR,2020-05-27 05:23:14,37.57,126.98,75.2,50,40,11.41
247,Arraial Do Cabo,BR,2020-05-27 05:24:04,-22.97,-42.03,68.45,71,0,16.87
248,Codrington,AU,2020-05-27 05:24:05,-38.27,141.97,60.51,62,33,14.34
249,Byron Bay,AU,2020-05-27 05:19:46,-28.65,153.62,70.0,68,90,8.05
250,Coari,BR,2020-05-27 05:24:06,-4.08,-63.14,72.79,97,56,1.54
251,Asyut,EG,2020-05-27 05:24:06,27.18,31.18,66.2,52,0,11.41
252,Saskylakh,RU,2020-05-27 05:24:07,71.92,114.08,32.92,88,100,16.24
253,Micheweni,TZ,2020-05-27 05:24:07,-4.97,39.83,79.38,84,59,10.07
254,Kirkwood,US,2020-05-27 05:24:07,38.58,-90.41,73.4,78,90,11.41
255,Buin,CL,2020-05-27 05:24:08,-33.73,-70.75,48.2,100,10,4.7
256,Farnham,GB,2020-05-27 05:24:09,51.21,-0.8,54.0,87,20,1.12
257,Nelson Bay,AU,2020-05-27 05:24:09,-32.72,152.15,66.2,72,40,6.93
258,Thunder Bay,CA,2020-05-27 05:22:38,48.4,-89.32,57.0,100,90,2.24
259,Twentynine Palms,US,2020-05-27 05:24:10,34.14,-116.05,86.0,19,1,11.41
260,Carnarvon,AU,2020-05-27 05:24:10,-24.87,113.63,70.07,37,0,12.68
261,Vilhena,BR,2020-05-27 05:24:11,-12.74,-60.15,56.46,86,0,3.6
262,Bilibino,RU,2020-05-27 05:24:11,68.05,166.44,46.11,54,0,4.76
263,San Carlos De Bariloche,AR,2020-05-27 05:24:12,-41.15,-71.31,50.0,71,75,19.46
264,Kyren,RU,2020-05-27 05:24:12,51.68,102.14,74.61,32,100,8.37
265,Hasaki,JP,2020-05-27 05:21:56,35.73,140.83,77.0,83,75,11.41
266,Walvis Bay,NA,2020-05-27 05:24:13,-22.96,14.51,50.0,81,0,3.36
267,Wuwei,CN,2020-05-27 05:24:13,37.93,102.64,71.08,21,2,5.06
268,Ponta Delgada,PT,2020-05-27 05:24:14,37.73,-25.67,64.4,82,40,5.82
269,Kinkala,CG,2020-05-27 05:24:14,-4.36,14.76,69.24,97,92,2.33
270,Belmonte,BR,2020-05-27 05:24:15,-15.86,-38.88,73.4,94,40,4.7
271,Tiarei,PF,2020-05-27 05:24:15,-17.53,-149.33,78.8,88,75,4.7
272,Derzhavinsk,KZ,2020-05-27 05:24:16,51.1,66.32,64.6,57,0,17.45
273,Tommot,RU,2020-05-27 05:24:16,58.96,126.29,77.65,29,21,6.24
274,Santa Isabel Do Rio Negro,BR,2020-05-27 05:24:17,-0.41,-65.02,72.81,98,79,1.03
275,Cururupu,BR,2020-05-27 05:24:18,-1.83,-44.87,74.16,96,44,1.5
276,Ahipara,NZ,2020-05-27 05:24:18,-35.17,173.17,62.51,90,23,6.64
277,Thessalon,CA,2020-05-27 05:24:18,46.25,-83.57,57.2,100,90,6.93
278,Brae,GB,2020-05-27 05:24:19,60.4,-1.35,50.0,87,78,18.34
279,Lehututu,BW,2020-05-27 05:24:20,-23.97,21.87,34.61,82,0,6.6
280,Oistins,BB,2020-05-27 05:24:20,13.07,-59.53,80.6,78,40,18.34
281,Adeje,ES,2020-05-27 05:24:20,28.12,-16.73,71.01,88,0,4.7
282,Monterey,US,2020-05-27 05:24:21,36.25,-121.25,69.01,39,0,3.11
283,Cap-Aux-Meules,CA,2020-05-27 05:24:21,47.38,-61.86,44.82,99,100,15.43
284,Cabedelo,BR,2020-05-27 05:24:22,-6.98,-34.83,75.2,100,20,1.12
285,Nome,US,2020-05-27 05:24:22,64.5,-165.41,51.01,70,40,10.29
286,Paslek,PL,2020-05-27 05:24:23,54.06,19.66,45.0,91,7,8.25
287,Strezhevoy,RU,2020-05-27 05:24:15,60.73,77.59,48.2,46,5,8.95
288,Vila Velha,BR,2020-05-27 05:19:51,-20.33,-40.29,64.0,93,0,5.82
289,Judaberg,NO,2020-05-27 05:24:24,59.17,5.87,50.0,93,75,4.7
290,Havelock,US,2020-05-27 05:24:25,34.88,-76.9,69.01,96,98,1.99
291,Dwarka,IN,2020-05-27 05:24:25,22.24,68.97,88.29,70,45,21.32
292,Kemise,ET,2020-05-27 05:24:25,10.72,39.87,76.28,36,0,1.25
293,Labuan,MY,2020-05-27 05:24:26,5.28,115.24,87.8,79,75,3.36
294,Kerchevskiy,RU,2020-05-27 05:24:26,59.95,56.29,60.57,66,88,8.52
295,Thatta,PK,2020-05-27 05:24:27,24.75,67.92,99.12,40,44,26.53
296,Turayf,SA,2020-05-27 05:24:27,31.67,38.66,80.6,24,0,23.04
297,Opunake,NZ,2020-05-27 05:24:28,-39.46,173.86,48.0,89,44,15.9
298,Juba,SS,2020-05-27 05:20:45,4.85,31.58,73.22,91,90,4.14
299,College,US,2020-05-27 05:24:28,64.86,-147.8,59.0,41,40,10.29
300,Manati,PR,2020-05-27 05:24:29,18.43,-66.49,78.01,87,99,4.59
301,Aksarka,RU,2020-05-27 05:24:29,66.56,67.8,47.95,51,84,8.05
302,Sengiley,RU,2020-05-27 05:24:30,53.96,48.79,62.6,72,66,8.95
303,Luderitz,NA,2020-05-27 05:24:30,-26.65,15.16,51.8,53,0,4.7
304,Mae Ramat,TH,2020-05-27 05:24:31,16.98,98.52,87.8,66,40,9.17
305,Tigil,RU,2020-05-27 05:24:31,57.8,158.67,48.51,56,100,18.72
306,Asau,RO,2020-05-27 05:24:32,46.43,26.4,48.99,86,100,1.86
307,Katangli,RU,2020-05-27 05:24:32,51.71,143.23,46.87,70,79,7.83
308,Yatou,CN,2020-05-27 05:24:33,37.15,122.38,69.53,47,20,15.73
309,Ornskoldsvik,SE,2020-05-27 05:24:33,63.29,18.72,48.2,81,100,9.17
310,Balabac,PH,2020-05-27 05:24:34,7.99,117.06,89.08,62,15,6.11
311,Ilulissat,GL,2020-05-27 05:24:34,69.22,-51.1,26.6,79,86,4.7
312,Houma,US,2020-05-27 05:24:34,29.6,-90.72,73.99,84,59,4.21
313,Acarau,BR,2020-05-27 05:24:35,-2.89,-40.12,75.56,87,86,7.47
314,Sao Jose Da Coroa Grande,BR,2020-05-27 05:24:35,-8.9,-35.15,76.57,88,15,8.59
315,Urumqi,CN,2020-05-27 05:24:36,43.8,87.6,89.6,15,0,6.71
316,Svetlyy,RU,2020-05-27 05:24:37,54.67,20.13,50.0,93,12,8.95
317,La Ronge,CA,2020-05-27 05:24:38,55.1,-105.28,51.8,100,90,3.36
318,Basti,IN,2020-05-27 05:20:22,26.8,82.72,104.09,23,7,10.2
319,Jambusar,IN,2020-05-27 05:24:38,22.05,72.8,93.2,46,67,9.17
320,Hibbing,US,2020-05-27 05:24:39,47.43,-92.94,62.6,93,75,2.42
321,Ciro Marina,IT,2020-05-27 05:24:39,39.37,17.13,61.88,66,0,27.13
322,Mandaguacu,BR,2020-05-27 05:24:39,-23.35,-52.1,46.83,93,0,4.45
323,Sztum,PL,2020-05-27 05:24:40,53.92,19.03,48.0,91,26,5.3
324,Palana,RU,2020-05-27 05:24:41,59.12,159.97,43.56,61,62,14.56
325,Iralaya,HN,2020-05-27 05:24:41,15.0,-83.23,82.4,81,98,9.24
326,Arvin,US,2020-05-27 05:24:42,35.21,-118.83,82.0,40,0,1.99
327,Olyka,UA,2020-05-27 05:24:42,50.72,25.81,51.01,93,40,6.71
328,Samaca,CO,2020-05-27 05:24:43,5.49,-73.49,52.02,93,100,4.97
329,Clyde River,CA,2020-05-27 05:24:43,70.47,-68.59,24.8,92,90,2.48
330,Port Hardy,CA,2020-05-27 05:21:49,50.7,-127.42,51.8,62,20,9.17
331,Beyneu,KZ,2020-05-27 05:24:44,45.32,55.2,80.73,41,0,13.94
332,Harnosand,SE,2020-05-27 05:20:49,62.63,17.94,53.6,62,100,14.99
333,Terrace,CA,2020-05-27 05:24:45,54.52,-128.6,51.8,53,20,5.82
334,Hamilton,US,2020-05-27 05:22:04,39.18,-84.53,72.0,94,75,3.8
335,Port Lincoln,AU,2020-05-27 05:22:51,-34.73,135.87,61.38,67,47,7.58
336,Victoria,HK,2020-05-27 05:20:00,22.29,114.16,88.0,88,84,5.99
337,Svetlogorsk,BY,2020-05-27 05:24:47,52.63,29.73,54.79,82,100,3.85
338,Calama,CL,2020-05-27 05:23:18,-22.47,-68.93,48.2,11,0,14.99
339,Pevek,RU,2020-05-27 05:24:48,69.7,170.31,37.17,79,0,13.53
340,Coquimbo,CL,2020-05-27 05:24:48,-29.95,-71.34,57.2,82,90,2.24
341,Dakar,SN,2020-05-27 05:21:02,14.69,-17.44,69.8,94,40,4.7
342,Praya,CV,2020-05-27 05:24:49,14.92,-23.51,69.8,83,20,3.36
343,Grand Gaube,MU,2020-05-27 05:24:49,-20.01,57.66,79.0,71,0,10.0
344,Broken Hill,AU,2020-05-27 05:24:49,-31.95,141.43,62.6,36,48,8.05
345,Kamenka,RU,2020-05-27 05:24:50,51.32,42.77,53.01,91,100,4.0
346,Aksu,CN,2020-05-27 05:24:50,41.12,80.26,84.81,14,0,2.62
347,Manaure,CO,2020-05-27 05:24:51,11.78,-72.44,81.14,80,100,8.59
348,Upernavik,GL,2020-05-27 05:24:51,72.79,-56.15,27.09,97,82,2.66
349,Omboue,GA,2020-05-27 05:24:52,-1.57,9.26,76.84,89,100,6.89
350,Tiksi,RU,2020-05-27 05:24:52,71.69,128.87,31.24,95,94,18.1
351,Yanam,IN,2020-05-27 05:21:36,16.73,82.22,93.2,59,40,8.05
352,Lock Haven,US,2020-05-27 05:24:53,41.14,-77.45,71.6,68,1,3.36
353,Nhulunbuy,AU,2020-05-27 05:24:53,-12.23,136.77,82.4,58,20,12.75
354,Bollnas,SE,2020-05-27 05:24:54,61.35,16.39,49.32,86,100,9.15
355,Vazhiny,RU,2020-05-27 05:24:54,60.96,34.02,57.56,58,66,1.99
356,Muana,BR,2020-05-27 05:24:55,-1.53,-49.22,74.84,95,47,4.07
357,Makushino,RU,2020-05-27 05:24:55,55.21,67.24,60.17,56,14,6.11
358,Fortuna,US,2020-05-27 05:24:56,40.6,-124.16,55.4,93,90,6.93
359,Ucluelet,CA,2020-05-27 05:24:56,48.93,-125.55,53.01,85,31,3.62
360,Nizhniy Ingash,RU,2020-05-27 05:24:57,56.2,96.53,51.82,48,90,13.27
361,Okhotsk,RU,2020-05-27 05:24:57,59.38,143.3,43.18,66,57,11.27
362,Stonewall,CA,2020-05-27 05:24:57,50.13,-97.33,59.0,87,20,9.17
363,Narsaq,GL,2020-05-27 05:24:58,60.92,-46.05,41.0,75,95,6.46
364,Zhuhai,CN,2020-05-27 05:24:59,22.28,113.57,86.0,83,40,3.36
365,Margate,GB,2020-05-27 05:24:59,51.38,1.39,57.99,76,58,6.26
366,Te Anau,NZ,2020-05-27 05:25:00,-45.42,167.72,46.29,77,5,0.38
367,Katsuura,JP,2020-05-27 05:25:00,35.13,140.3,78.01,73,75,5.82
368,Krasnoselkup,RU,2020-05-27 05:25:00,65.7,82.47,44.29,58,1,17.25
369,Ajdabiya,LY,2020-05-27 05:25:01,30.76,20.23,66.02,49,0,8.52
370,Mariakani,KE,2020-05-27 05:20:05,-3.86,39.47,75.2,100,20,4.7
371,Mansfield,GB,2020-05-27 05:25:02,53.13,-1.2,55.0,85,34,4.27
372,Gat,IL,2020-05-27 05:25:02,31.61,34.76,71.01,73,40,2.24
373,Mufulira,ZM,2020-05-27 05:25:03,-12.55,28.24,61.7,72,32,0.58
374,Samarai,PG,2020-05-27 05:25:03,-10.62,150.67,81.46,83,20,10.22
375,Maracaibo,VE,2020-05-27 05:25:04,10.63,-71.64,82.4,78,99,7.27
376,Paramonga,PE,2020-05-27 05:25:04,-10.67,-77.83,65.05,85,0,2.08
377,Piney Green,US,2020-05-27 05:25:05,34.72,-77.32,70.0,88,40,3.36
378,Corpus Christi,US,2020-05-27 05:20:51,27.8,-97.4,78.01,100,1,5.82
379,Ialibu,PG,2020-05-27 05:25:06,-6.28,143.99,78.8,57,40,11.41
380,Isangel,VU,2020-05-27 05:25:06,-19.55,169.27,76.48,76,15,11.39
381,Malartic,CA,2020-05-27 05:25:07,48.13,-78.13,64.4,100,1,5.82
382,Kirensk,RU,2020-05-27 05:25:07,57.79,108.11,49.53,76,96,13.98
383,Mehamn,NO,2020-05-27 05:25:07,71.04,27.85,46.98,88,100,3.15
384,Port Blair,IN,2020-05-27 05:23:13,11.67,92.75,84.94,78,99,9.64
385,Hofn,IS,2020-05-27 05:25:08,64.25,-15.21,45.03,59,57,6.29
386,Eureka,US,2020-05-27 05:24:29,40.8,-124.16,57.99,51,16,2.64
387,Vila Franca Do Campo,PT,2020-05-27 05:25:09,37.72,-25.43,64.4,82,40,5.82
388,Batsfjord,NO,2020-05-27 05:25:10,70.63,29.72,50.0,71,100,14.99
389,Bubaque,GW,2020-05-27 05:25:10,11.28,-15.83,78.49,79,89,11.12
390,Makakilo City,US,2020-05-27 05:25:11,21.35,-158.09,78.8,74,90,8.05
391,Ambulu,ID,2020-05-27 05:25:11,-8.35,113.61,84.18,77,99,5.79
392,Troitsko-Pechorsk,RU,2020-05-27 05:25:11,62.71,56.2,57.63,66,83,4.43
393,Moose Factory,CA,2020-05-27 05:25:12,51.26,-80.61,57.2,67,90,11.41
394,Mont-De-Marsan,FR,2020-05-27 05:25:12,44.0,-0.67,64.99,100,90,0.85
395,Millinocket,US,2020-05-27 05:25:13,45.66,-68.71,64.4,77,20,4.7
396,Jumla,NP,2020-05-27 05:25:13,29.27,82.18,73.99,93,87,5.84
397,Oktyabrskiy,RU,2020-05-27 05:25:13,54.48,53.47,68.09,67,39,17.36
398,Quatre Cocos,MU,2020-05-27 05:25:14,-20.21,57.76,79.0,73,40,11.41
399,Vestmanna,FO,2020-05-27 05:25:14,62.16,-7.17,46.4,81,74,21.92
400,Port Hedland,AU,2020-05-27 05:25:15,-20.32,118.57,77.0,38,0,13.87
401,Nioro,GM,2020-05-27 05:25:15,13.35,-15.75,76.46,66,89,8.46
402,Spirit River,CA,2020-05-27 05:25:17,55.78,-118.84,48.2,66,90,16.11
403,Norman Wells,CA,2020-05-27 05:25:17,65.28,-126.83,53.6,81,75,3.78
404,Marawi,PH,2020-05-27 05:25:18,8.0,124.29,86.0,80,58,10.0
405,Khasan,RU,2020-05-27 05:25:18,42.43,130.64,64.11,51,13,4.63
406,Santa Lucia,ES,2020-05-27 05:25:19,27.91,-15.54,64.99,88,20,20.8
407,Pula,HR,2020-05-27 05:25:19,44.87,13.85,57.2,58,0,8.05
408,Pindushi,RU,2020-05-27 05:25:20,62.92,34.58,56.68,59,0,1.54
409,Bo Rai,TH,2020-05-27 05:25:21,12.57,102.54,86.0,84,20,3.36
410,Miramar,US,2020-05-27 05:25:21,25.99,-80.23,77.0,88,20,4.7
411,Baracoa,CU,2020-05-27 05:25:21,20.35,-74.5,79.16,87,62,4.54
412,Los Llanos De Aridane,ES,2020-05-27 05:25:22,28.66,-17.92,73.0,93,20,8.05
413,Giresun,TR,2020-05-27 05:25:22,40.5,38.5,49.35,63,17,8.19
414,Curup,ID,2020-05-27 05:25:23,-3.47,102.53,85.24,54,100,2.37
415,San Jose De Guanipa,VE,2020-05-27 05:25:23,8.89,-64.17,78.62,73,94,11.97
416,Lata,PT,2020-05-27 05:25:23,40.16,-8.33,73.0,87,0,5.26
417,Trincomalee,LK,2020-05-27 05:25:24,8.57,81.23,88.16,69,99,12.91
418,Coos Bay,US,2020-05-27 05:23:55,43.37,-124.22,55.99,87,20,9.17
419,Saint-Louis,SN,2020-05-27 05:25:25,16.33,-15.0,78.71,27,0,8.12
420,Port Shepstone,ZA,2020-05-27 05:25:25,-30.74,30.45,56.26,40,0,20.92
421,Porto San Giorgio,IT,2020-05-27 05:25:26,43.18,13.79,57.99,68,36,1.01
422,Alofi,NU,2020-05-27 05:25:26,-19.06,-169.92,75.2,88,100,3.36
423,Aginskoye,RU,2020-05-27 05:25:26,51.1,114.53,73.72,32,100,9.55
424,Borogontsy,RU,2020-05-27 05:25:27,62.67,131.17,80.69,27,44,7.65
425,Soure,BR,2020-05-27 05:25:27,-0.72,-48.52,79.29,81,7,8.23
426,San Jose,US,2020-05-27 05:20:54,37.34,-121.89,81.0,42,20,4.7
427,Kokubu,JP,2020-05-27 05:25:28,31.73,130.77,75.2,69,75,6.93
428,Verkh-Usugli,RU,2020-05-27 05:25:28,52.7,115.17,71.96,37,100,10.51
429,Brockville,CA,2020-05-27 05:25:29,44.58,-75.68,68.0,88,20,4.21
430,Avera,US,2020-05-27 05:25:29,33.19,-82.53,69.8,96,90,6.93
431,Villa Bruzual,VE,2020-05-27 05:25:30,9.33,-69.12,75.72,89,100,4.72
432,Kimparana,ML,2020-05-27 05:25:30,12.83,-4.92,79.95,67,97,8.81
433,Pauini,BR,2020-05-27 05:25:31,-7.71,-66.98,70.43,90,9,1.83
434,Shimoda,JP,2020-05-27 05:25:31,34.67,138.95,75.2,69,75,20.8
435,Mujiayingzi,CN,2020-05-27 05:25:32,42.12,118.78,66.78,29,68,9.06
436,Port Macquarie,AU,2020-05-27 05:22:57,-31.43,152.92,69.01,72,26,1.99
437,Zuwarah,LY,2020-05-27 05:25:33,32.93,12.08,67.19,77,0,4.81
438,Faya,SA,2020-05-27 05:25:33,18.39,42.45,73.4,26,29,8.05
439,Suntar,RU,2020-05-27 05:25:34,62.14,117.63,63.99,31,99,4.5
440,Udachnyy,RU,2020-05-27 05:25:34,66.42,112.4,28.4,100,90,22.37
441,Nizza Monferrato,IT,2020-05-27 05:25:35,44.77,8.35,57.99,88,96,1.01
442,Poum,NC,2020-05-27 05:25:35,-20.23,164.02,77.2,73,6,10.18
443,Tambacounda,SN,2020-05-27 05:25:35,13.75,-13.76,87.8,55,34,9.17
444,Ulladulla,AU,2020-05-27 05:25:36,-35.35,150.47,64.99,63,75,6.24
445,Norwich,GB,2020-05-27 05:25:36,52.63,1.3,60.01,81,88,2.01
446,Mount Isa,AU,2020-05-27 05:25:37,-20.73,139.5,77.0,15,76,5.82
447,Formosa,AR,2020-05-27 05:25:38,-26.18,-58.18,50.0,93,0,4.7
448,Villa Constitucion,AR,2020-05-27 05:25:38,-33.23,-60.33,55.0,65,0,1.01
449,Kahului,US,2020-05-27 05:22:56,20.89,-156.47,78.8,61,40,14.99
450,Green Valley,US,2020-05-27 05:21:05,31.85,-110.99,82.4,8,1,8.05
451,Pisco,PE,2020-05-27 05:25:39,-13.7,-76.22,66.2,82,90,8.05
452,Tiznit,MA,2020-05-27 05:25:40,29.58,-9.5,75.47,38,0,0.98
453,Musoma,TZ,2020-05-27 05:25:40,-1.5,33.8,71.6,83,20,4.7
454,Anadyr,RU,2020-05-27 05:25:41,64.75,177.48,42.8,92,20,8.95
455,Zyryanka,RU,2020-05-27 05:25:42,65.75,150.85,60.33,31,0,19.46
456,Portland,US,2020-05-27 05:23:05,45.52,-122.68,63.0,67,20,5.82
457,Tocopilla,CL,2020-05-27 05:25:42,-22.09,-70.2,60.46,64,0,2.06
458,Mahanoro,MG,2020-05-27 05:25:43,-19.9,48.8,71.37,76,0,4.38
459,Buraydah,SA,2020-05-27 05:25:43,26.33,43.98,84.2,26,17,4.7
460,Lexington,US,2020-05-27 05:23:53,37.99,-84.48,72.0,88,90,5.82
461,Niesky,DE,2020-05-27 05:25:44,51.29,14.82,48.99,90,36,4.9
462,Gumdag,TM,2020-05-27 05:25:44,39.21,54.59,72.72,51,0,9.37
463,Kizukuri,JP,2020-05-27 05:25:45,40.81,140.39,59.0,93,75,9.17
464,Kaspiyskiy,RU,2020-05-27 05:25:45,45.39,47.37,67.89,56,0,7.16
465,Bathsheba,BB,2020-05-27 05:25:45,13.22,-59.52,80.6,78,40,18.34
466,Lalsk,RU,2020-05-27 05:25:46,60.74,47.59,56.57,69,100,3.62
467,Touros,BR,2020-05-27 05:25:46,-5.2,-35.46,75.2,100,6,4.7
468,Krasnyy Yar,RU,2020-05-27 05:25:47,46.53,48.35,68.0,49,0,11.18
469,Airai,TL,2020-05-27 05:25:47,-8.93,125.41,71.22,94,32,1.01
470,Terney,RU,2020-05-27 05:25:48,45.05,136.61,56.84,70,49,6.82
471,Broome,US,2020-05-27 05:25:48,42.25,-75.83,71.6,73,1,4.7
472,Tuatapere,NZ,2020-05-27 05:25:48,-46.13,167.68,49.42,86,20,2.28
473,Thanh Hoa,VN,2020-05-27 05:21:43,19.8,105.77,85.24,67,91,4.5
474,Peniche,PT,2020-05-27 05:25:49,39.36,-9.38,73.0,55,0,5.01
475,Nador,MA,2020-05-27 05:25:50,35.17,-2.93,68.0,88,90,8.05
476,Noumea,NC,2020-05-27 05:23:08,-22.28,166.46,80.6,57,40,5.82
477,Lons-Le-Saunier,FR,2020-05-27 05:25:51,46.75,5.75,54.0,79,9,3.11
478,Wanning,CN,2020-05-27 05:25:51,18.8,110.4,86.32,78,68,5.79
479,Praia,CV,2020-05-27 05:25:52,14.92,-23.51,69.8,83,20,3.36
480,Kabinda,CD,2020-05-27 05:25:52,-6.13,24.48,69.26,68,1,2.84
481,Purpe,RU,2020-05-27 05:25:53,64.48,76.69,45.0,58,0,13.62
482,Northam,GB,2020-05-27 05:25:54,51.03,-4.22,52.0,97,61,4.09
483,Ustynivka,UA,2020-05-27 05:25:55,47.96,32.54,53.6,93,19,6.71
484,Alice Springs,AU,2020-05-27 05:22:50,-23.7,133.88,71.6,30,40,9.17
485,Aksehir,TR,2020-05-27 05:25:55,38.36,31.42,54.34,65,14,4.21
486,Santa Marta,CO,2020-05-27 05:25:56,11.24,-74.2,78.01,86,100,9.95
487,Arlit,NE,2020-05-27 05:25:57,18.74,7.39,90.16,24,100,23.09
488,Ixtapa,MX,2020-05-27 05:25:57,20.7,-105.2,67.6,84,21,1.86
489,Corinth,GR,2020-05-27 05:25:58,37.94,22.96,59.0,58,15,1.01
490,Puerto Escondido,MX,2020-05-27 05:25:58,15.85,-97.07,80.53,73,11,8.16
491,Cockburn Town,TC,2020-05-27 05:25:59,21.46,-71.14,81.16,83,77,16.44
492,Belize,BZ,2020-05-27 05:25:59,17.25,-88.75,82.99,73,97,5.28
493,Pangnirtung,CA,2020-05-27 05:26:00,66.15,-65.71,16.5,90,6,2.3
494,Russell,US,2020-05-27 05:26:00,32.35,-85.2,71.6,88,90,5.28
495,Matina,CR,2020-05-27 05:26:00,10.08,-83.29,80.01,84,99,1.99
496,Adrar,MR,2020-05-27 05:26:01,20.5,-10.07,82.83,18,0,8.43
497,Taree,AU,2020-05-27 05:26:01,-31.9,152.47,68.0,68,90,9.17
498,Ust-Nera,RU,2020-05-27 05:26:02,64.57,143.2,52.57,58,100,3.4
499,Tianpeng,CN,2020-05-27 05:26:02,30.99,103.94,80.01,1,100,1.01
500,Camopi,GF,2020-05-27 05:26:03,3.17,-52.32,73.0,97,100,1.97
501,Bereda,ES,2020-05-27 05:26:03,43.27,-7.54,55.99,100,48,1.99
502,Siilinjarvi,FI,2020-05-27 05:26:03,63.08,27.67,59.0,54,67,4.7
503,Nanortalik,GL,2020-05-27 05:26:04,60.14,-45.24,39.09,89,73,10.33
504,Da Nang,VN,2020-05-27 05:21:17,16.07,108.22,91.4,63,75,10.29
505,Menongue,AO,2020-05-27 05:26:05,-14.66,17.69,51.76,64,1,1.28
506,Carutapera,BR,2020-05-27 05:26:05,-1.2,-46.02,75.06,93,66,3.31
507,Tankhoy,RU,2020-05-27 05:26:06,51.55,105.13,67.32,42,57,13.42
508,Dondo,MZ,2020-05-27 05:26:06,-19.61,34.74,73.4,94,40,5.82
509,San Cristobal,VE,2020-05-27 05:26:06,7.77,-72.22,68.52,92,100,5.17
510,Vaitape,PF,2020-05-27 05:26:07,-16.52,-151.75,82.87,76,70,8.3
511,Havoysund,NO,2020-05-27 05:26:08,71.0,24.66,46.4,70,40,5.82
512,Sorland,NO,2020-05-27 05:26:08,67.67,12.69,46.4,87,40,27.51
513,Sola,VU,2020-05-27 05:26:09,-13.88,167.55,81.68,83,13,21.12
514,Henties Bay,NA,2020-05-27 05:26:09,-22.12,14.28,50.0,91,0,3.0
515,Sivaki,RU,2020-05-27 05:26:09,52.63,126.75,77.88,18,0,4.47
516,Sept-Iles,CA,2020-05-27 05:26:10,50.2,-66.38,57.2,44,5,10.29
517,Burns Lake,CA,2020-05-27 05:26:10,54.23,-125.75,42.87,60,91,4.36
518,Iguape,BR,2020-05-27 05:26:11,-24.71,-47.56,56.25,80,0,6.02
519,Sokoni,TZ,2020-05-27 05:26:11,-6.43,39.55,78.8,88,75,8.05
520,Norden,DE,2020-05-27 05:26:11,53.6,7.2,55.0,100,99,1.32
521,Pundaguitan,PH,2020-05-27 05:26:12,6.37,126.17,84.83,73,24,7.25
522,Eyl,SO,2020-05-27 05:26:12,7.98,49.82,86.79,61,99,19.22
523,Vammala,FI,2020-05-27 05:26:13,61.33,22.9,57.2,54,89,9.17
524,Garissa,KE,2020-05-27 05:26:13,-0.45,39.64,79.32,69,65,16.31
525,Kathu,TH,2020-05-27 05:26:14,7.92,98.33,89.6,70,20,9.17
526,Campo Formoso,BR,2020-05-27 05:26:14,-10.51,-40.32,69.33,91,32,1.19
527,Tres Arroyos,AR,2020-05-27 05:26:14,-38.37,-60.28,50.09,63,0,12.21
528,Zaozerne,UA,2020-05-27 05:26:15,45.16,33.28,58.03,76,20,4.41
529,Strathblane,GB,2020-05-27 05:26:15,55.99,-4.31,48.99,87,100,2.24
530,San Policarpo,PH,2020-05-27 05:26:16,12.18,125.51,86.09,72,0,11.3
531,Whyalla,AU,2020-05-27 05:26:16,-33.03,137.58,69.8,32,2,12.75
532,Riyadh,SA,2020-05-27 05:26:16,24.69,46.72,87.8,18,0,4.7
533,Petropavlovsk-Kamchatskiy,RU,2020-05-27 05:24:22,53.05,158.65,48.2,66,90,11.18
534,Barentu,ER,2020-05-27 05:26:17,15.11,37.59,85.62,36,14,6.13
535,Acari,PE,2020-05-27 05:26:18,-15.43,-74.62,68.0,68,54,1.48
536,Lakes Entrance,AU,2020-05-27 05:26:18,-37.88,147.98,64.99,66,52,1.01
537,Mukhen,RU,2020-05-27 05:26:19,48.1,136.1,69.17,46,22,5.48
538,Ambilobe,MG,2020-05-27 05:26:19,-13.2,49.05,75.74,62,0,4.5
539,Mao,ES,2020-05-27 05:26:19,39.89,4.27,64.4,82,20,3.36
540,Grand-Santi,GF,2020-05-27 05:26:20,4.25,-54.38,74.43,97,100,2.59
541,Roald,NO,2020-05-27 05:26:21,62.58,6.13,51.01,87,75,19.46
542,Langsa,ID,2020-05-27 05:26:21,4.47,97.97,93.6,52,100,2.48
543,Douentza,ML,2020-05-27 05:26:21,15.0,-2.95,87.28,23,100,3.62
544,Beaverlodge,CA,2020-05-27 05:26:22,55.22,-119.44,48.2,66,90,16.11
545,Namatanai,PG,2020-05-27 05:26:22,-3.67,152.43,84.38,74,92,6.71
